"Sexe","Age","Altitude","Prev","Duree","Nmalaria"
"M",259,1318,"Rien",423,1
"M",172,1254,"Serpentin/Spray",714,6
"M",326,1302,"Moustiquaire",1080,7
"M",573,1301,"Moustiquaire",844,0
"F",460,1307,"Moustiquaire",1082,5
"M",707,1314,"Moustiquaire",260,0
"M",580,1283,"Moustiquaire",358,2
"F",348,1291,"Moustiquaire",171,1
"F",274,1292,"Moustiquaire",1018,1
"M",360,1295,"Moustiquaire",626,8
"M",622,1287,"Moustiquaire",843,8
"M",377,1273,"Serpentin/Spray",1082,9
"M",239,1282,"Moustiquaire",9,0
"M",181,1222,"Moustiquaire",450,12
"M",511,1320,"Moustiquaire",1007,12
"M",545,1326,"Moustiquaire",979,3
"M",294,1315,"Serpentin/Spray",406,7
"F",340,1277,"Moustiquaire",510,1
"F",600,1240,"Rien",1084,9
"M",436,1296,"Moustiquaire",848,0
"F",235,1341,"Rien",1080,8
"F",468,1305,"Moustiquaire",840,7
"M",502,NA,"Moustiquaire",351,0
"M",920,1317,"Moustiquaire",1016,7
"M",397,1316,"Serpentin/Spray",1080,24
"F",268,1296,"Moustiquaire",691,7
"F",256,1378,"Serpentin/Spray",402,2
"F",413,1298,"Moustiquaire",707,3
"M",612,1239,"Rien",98,2
"M",824,1271,"Moustiquaire",840,10
"F",388,1294,"Rien",1081,10
"F",91,1256,"Moustiquaire",0,1
"M",249,1313,"Serpentin/Spray",1081,5
"M",791,1284,"Moustiquaire",214,0
"M",112,1317,"Moustiquaire",853,1
"F",1040,1258,"Moustiquaire",344,3
"M",168,1298,"Serpentin/Spray",988,12
"M",828,1270,"Moustiquaire",848,5
"F",482,1422,"Moustiquaire",1071,2
"F",258,1295,"Moustiquaire",869,17
"F",488,1332,"Moustiquaire",401,11
"F",816,1277,"Moustiquaire",338,6
"F",221,1318,"Moustiquaire",1080,7
"M",296,1297,"Moustiquaire",511,3
"M",294,1342,"Rien",1080,11
"F",718,1289,"Rien",335,3
"M",385,1258,"Serpentin/Spray",366,4
"F",987,1337,"Moustiquaire",1001,10
"F",314,1247,"Moustiquaire",1080,5
"M",434,1325,"Moustiquaire",1015,13
"F",398,1313,"Moustiquaire",1082,2
"M",391,1299,"Moustiquaire",400,2
"M",464,1285,"Moustiquaire",1079,26
"M",1004,1256,"Moustiquaire",0,1
"M",513,1324,"Rien",1086,7
"M",205,1264,"Moustiquaire",899,16
"M",516,1317,"Rien",551,1
"M",846,1288,"Moustiquaire",346,4
"M",271,1334,"Rien",1086,8
"M",626,1294,"Moustiquaire",353,3
"M",122,1334,"Moustiquaire",270,6
"M",368,1357,"Moustiquaire",268,3
"M",234,1292,"Moustiquaire",66,1
"F",358,1312,"Moustiquaire",95,1
"M",215,NA,"Serpentin/Spray",92,3
"M",337,1299,"Moustiquaire",1009,11
"F",324,1409,"Moustiquaire",757,9
"M",900,1310,"Moustiquaire",675,1
"M",249,NA,"Rien",1081,4
"M",514,1236,"Moustiquaire",1007,13
"F",153,1219,"Rien",24,3
"M",360,1305,"Rien",300,2
"F",106,1322,"Moustiquaire",1081,7
"M",983,1292,"Moustiquaire",285,5
"M",258,1231,"Moustiquaire",266,3
"M",463,1235,"Moustiquaire",1016,17
"F",254,1275,"Rien",1080,12
"M",969,1269,"Moustiquaire",14,1
"F",354,1341,"Moustiquaire",1239,1
"F",340,1321,"Moustiquaire",853,15
"M",93,1320,"Rien",1086,2
"F",505,1298,"Moustiquaire",122,5
"F",125,1236,"Moustiquaire",1080,16
"M",498,1290,"Moustiquaire",1009,12
"F",223,1265,"Rien",1090,7
"M",640,1319,"Moustiquaire",679,7
"M",367,1307,"Moustiquaire",271,3
"M",828,1259,"Moustiquaire",1011,8
"F",163,NA,"Rien",154,0
"F",791,1210,"Moustiquaire",155,2
"F",239,1270,"Rien",1077,18
"F",302,1299,"Moustiquaire",175,3
"M",131,1299,"Moustiquaire",1120,3
"F",1088,1250,"Moustiquaire",838,8
"M",236,NA,"Moustiquaire",1007,0
"F",650,1305,"Moustiquaire",0,1
"M",473,1285,"Rien",1077,19
"M",903,1305,"Moustiquaire",1008,2
"F",345,1307,"Rien",1081,3
"F",985,1234,"Moustiquaire",341,4
"F",421,1314,"Moustiquaire",1077,13
"M",686,1216,"Moustiquaire",200,0
"F",112,1270,"Moustiquaire",41,1
"F",795,1242,"Moustiquaire",840,7
"M",526,1320,"Serpentin/Spray",203,3
"M",345,1311,"Moustiquaire",88,0
"F",298,1221,"Moustiquaire",365,8
"M",575,1294,"Moustiquaire",336,2
"F",260,1270,"Rien",323,8
"M",256,1313,"Moustiquaire",774,3
"F",164,1284,"Moustiquaire",1080,4
"F",180,1304,"Moustiquaire",850,9
"M",219,1314,"Rien",1002,7
"M",413,1236,"Rien",0,1
"F",359,1323,"Rien",1080,3
"F",418,1318,"Moustiquaire",0,1
"F",89,1272,"Moustiquaire",277,2
"F",488,1306,"Moustiquaire",168,4
"M",456,1221,"Moustiquaire",1080,12
"M",359,1251,"Moustiquaire",1008,9
"M",190,1314,"Rien",14,1
"F",709,1291,"Moustiquaire",1008,5
"F",534,1330,"Rien",813,8
"M",553,1316,"Moustiquaire",505,5
"F",242,1299,"Rien",406,8
"M",343,1418,"Moustiquaire",1016,8
"F",126,1289,"Rien",1080,19
"F",517,1390,"Moustiquaire",366,2
"M",358,1302,"Moustiquaire",215,1
"F",320,1300,"Moustiquaire",672,5
"F",413,1329,"Rien",1081,4
"M",652,1343,"Moustiquaire",1008,5
"F",643,1262,"Moustiquaire",721,3
"M",242,NA,"Moustiquaire",1080,0
"M",564,1285,"Moustiquaire",105,2
"M",486,1255,"Moustiquaire",1086,7
"M",266,1303,"Moustiquaire",1005,14
"M",176,1316,"Rien",1080,17
"M",857,1304,"Moustiquaire",311,1
"F",183,1262,"Moustiquaire",531,5
"M",642,1295,"Moustiquaire",1023,4
"F",272,1270,"Moustiquaire",1080,11
"M",965,1278,"Moustiquaire",1023,12
"F",284,1264,"Rien",1080,5
"F",691,1294,"Rien",57,2
"F",152,1349,"Moustiquaire",995,1
"M",1016,1312,"Moustiquaire",168,5
"M",113,1274,"Moustiquaire",263,4
"F",864,1321,"Moustiquaire",0,1
"M",584,1306,"Rien",1080,3
"F",359,1299,"Moustiquaire",1021,6
"M",288,1274,"Moustiquaire",361,7
"F",1123,1287,"Moustiquaire",1009,2
"M",666,1347,"Serpentin/Spray",1082,15
"F",266,1310,"Moustiquaire",1017,2
"F",407,1311,"Rien",261,5
"M",186,1255,"Moustiquaire",1008,1
"M",240,1294,"Moustiquaire",1079,15
"M",446,1219,"Moustiquaire",1019,8
"F",350,1306,"Rien",1080,11
"F",711,1257,"Moustiquaire",1009,6
"M",233,1342,"Rien",1081,12
"M",676,1326,"Moustiquaire",924,10
"M",242,1324,"Serpentin/Spray",1081,11
"F",499,1295,"Moustiquaire",1009,3
"F",220,1358,"Moustiquaire",903,7
"M",218,1282,"Moustiquaire",392,3
"F",264,1315,"Rien",1088,13
"F",672,1254,"Moustiquaire",102,1
"M",118,1274,"Rien",41,2
"M",554,1259,"Moustiquaire",168,2
"M",329,1280,"Moustiquaire",1080,18
"M",805,1310,"Moustiquaire",0,0
"F",378,1318,"Moustiquaire",85,2
"M",429,1265,"Moustiquaire",336,6
"F",415,NA,"Serpentin/Spray",89,0
"F",1051,1284,"Moustiquaire",644,0
"F",420,1250,"Moustiquaire",1080,16
"M",210,1236,"Moustiquaire",1007,12
"F",168,1306,"Serpentin/Spray",235,3
"M",699,1270,"Moustiquaire",1010,6
"F",356,1292,"Serpentin/Spray",188,4
"F",938,1270,"Moustiquaire",1006,21
"M",433,1198,"Rien",990,4
"F",217,1303,"Moustiquaire",1008,3
"F",181,1358,"Moustiquaire",1082,4
"M",605,1303,"Moustiquaire",842,6
"F",265,1313,"Rien",14,1
"F",623,1325,"Moustiquaire",211,0
"M",493,1333,"Rien",991,4
"F",329,1250,"Moustiquaire",1332,18
"M",181,1280,"Rien",189,2
"M",1038,1299,"Moustiquaire",1010,10
"F",298,1313,"Serpentin/Spray",729,8
"F",790,1270,"Moustiquaire",510,1
"M",376,NA,"Serpentin/Spray",183,2
"M",503,1277,"Moustiquaire",390,3
"F",177,1292,"Moustiquaire",1216,1
"M",359,1235,"Moustiquaire",749,7
"F",852,1223,"Moustiquaire",1008,14
"F",386,1289,"Moustiquaire",1088,2
"F",1074,1286,"Moustiquaire",1008,2
"F",176,1253,"Rien",639,3
"F",324,1308,"Moustiquaire",227,2
"M",189,1384,"Rien",1120,6
"F",995,1308,"Moustiquaire",280,1
"F",118,NA,"Rien",1068,0
"F",569,1288,"Moustiquaire",34,2
"F",390,1228,"Rien",989,9
"F",484,1285,"Moustiquaire",167,1
"M",298,1261,"Moustiquaire",1084,5
"M",1010,1256,"Moustiquaire",154,3
"M",479,1307,"Rien",366,3
"F",691,1248,"Moustiquaire",1008,5
"M",645,1274,"Moustiquaire",1008,5
"F",335,1320,"Moustiquaire",1080,12
"M",700,1278,"Moustiquaire",1007,8
"F",236,1242,"Rien",1080,4
"M",1001,1276,"Moustiquaire",1013,14
"F",735,1283,"Moustiquaire",1008,11
"F",95,1276,"Moustiquaire",30,1
"M",625,1313,"Moustiquaire",1022,3
"F",262,NA,"Rien",262,1
"F",404,1259,"Moustiquaire",1012,1
"M",218,1291,"Moustiquaire",992,18
"M",319,1312,"Moustiquaire",1011,4
"F",167,1319,"Rien",196,1
"M",576,1252,"Moustiquaire",848,5
"M",195,1259,"Moustiquaire",1085,8
"M",536,1294,"Moustiquaire",1008,3
"F",514,1326,"Rien",49,1
"M",548,1274,"Moustiquaire",1010,5
"F",131,1321,"Moustiquaire",250,4
"F",703,1380,"Moustiquaire",928,7
"F",184,1129,"Rien",28,2
"F",208,1287,"Rien",182,2
"F",901,1292,"Moustiquaire",0,1
"M",430,1362,"Moustiquaire",163,2
"F",222,1296,"Moustiquaire",0,1
"F",271,1279,"Moustiquaire",234,4
"F",699,1284,"Moustiquaire",1010,11
"M",318,1258,"Rien",94,3
"M",990,1275,"Rien",637,5
"M",156,1244,"Rien",990,9
"M",210,1297,"Moustiquaire",14,1
"M",607,1229,"Moustiquaire",14,0
"F",303,1249,"Rien",1080,7
"F",869,1304,"Moustiquaire",1008,8
"M",244,1409,"Rien",1080,13
"F",531,1276,"Moustiquaire",1020,6
"F",244,1273,"Rien",1080,12
"F",471,1298,"Moustiquaire",1008,9
"F",364,1317,"Rien",1084,9
"F",453,1276,"Moustiquaire",697,6
"M",207,1322,"Rien",1082,5
"F",494,1279,"Moustiquaire",288,3
"F",70,1317,"Rien",1080,8
"F",280,1259,"Moustiquaire",0,0
"F",530,1321,"Serpentin/Spray",537,3
"M",477,1314,"Moustiquaire",121,3
"M",318,1324,"Serpentin/Spray",1080,13
"F",727,1304,"Moustiquaire",845,7
"F",477,1331,"Serpentin/Spray",1080,7
"M",218,1310,"Moustiquaire",759,9
"M",227,1344,"Serpentin/Spray",1084,2
"F",387,1351,"Moustiquaire",0,1
"M",180,1279,"Moustiquaire",1080,10
"M",534,1309,"Moustiquaire",1001,7
"M",522,1296,"Rien",302,4
"M",836,1307,"Moustiquaire",14,1
"F",196,1315,"Moustiquaire",1081,9
"M",464,1299,"Moustiquaire",850,10
"M",283,1252,"Rien",1081,7
"M",215,1307,"Moustiquaire",1008,14
"F",134,1318,"Rien",639,4
"F",415,1282,"Moustiquaire",1008,6
"M",363,1320,"Moustiquaire",1080,3
"M",560,1278,"Moustiquaire",1009,16
"F",274,1320,"Moustiquaire",1080,6
"M",612,1278,"Moustiquaire",848,5
"M",276,1302,"Moustiquaire",84,1
"M",288,1297,"Moustiquaire",0,1
"F",761,1354,"Moustiquaire",672,6
"M",350,1224,"Rien",1080,3
"F",598,1298,"Moustiquaire",1008,4
"M",10,1299,"Rien",1084,14
"F",850,1278,"Moustiquaire",344,0
"F",179,1278,"Moustiquaire",1083,6
"F",550,1298,"Moustiquaire",847,1
"M",523,1334,"Moustiquaire",1008,9
"M",133,NA,"Rien",79,0
"M",875,1329,"Moustiquaire",380,6
"M",397,NA,"Moustiquaire",0,0
"F",962,1300,"Moustiquaire",14,1
"F",397,NA,"Moustiquaire",0,0
"F",746,1283,"Moustiquaire",147,4
"F",425,1320,"Moustiquaire",379,5
"F",415,1303,"Moustiquaire",1008,4
"F",151,1176,"Moustiquaire",1081,9
"F",865,1319,"Moustiquaire",1008,9
"F",195,1275,"Rien",482,10
"M",561,1316,"Rien",1010,5
"M",310,1363,"Rien",1080,12
"M",616,1249,"Moustiquaire",1010,6
"F",168,NA,"Rien",95,0
"F",500,1331,"Moustiquaire",892,11
"M",156,1354,"Moustiquaire",995,7
"F",751,1234,"Moustiquaire",1008,6
"M",272,1246,"Moustiquaire",128,3
"F",690,1310,"Moustiquaire",2,1
"M",97,1377,"Rien",904,5
"F",699,1368,"Moustiquaire",1009,15
"M",246,1296,"Moustiquaire",721,3
"M",587,1358,"Rien",520,9
"M",546,1338,"Rien",1080,8
"F",480,1229,"Moustiquaire",672,3
"F",242,1361,"Rien",418,3
"M",422,1299,"Moustiquaire",1014,8
"F",460,1310,"Moustiquaire",1084,1
"F",715,1312,"Moustiquaire",1000,9
"F",455,1330,"Rien",1082,7
"M",684,1299,"Moustiquaire",1013,6
"M",194,1288,"Rien",1081,8
"F",672,1331,"Moustiquaire",186,1
"F",497,1313,"Rien",635,1
"M",447,1301,"Moustiquaire",840,2
"F",567,1313,"Rien",1080,13
"M",224,1312,"Moustiquaire",1013,6
"F",600,1239,"Rien",1080,4
"M",760,1307,"Moustiquaire",171,1
"F",275,1283,"Rien",224,2
"F",263,1324,"Moustiquaire",1009,4
"M",337,NA,"Rien",14,1
"F",692,1324,"Moustiquaire",1009,4
"F",1049,NA,"Moustiquaire",993,1
"F",777,1320,"Moustiquaire",844,5
"M",136,1326,"Moustiquaire",1079,6
"F",545,1336,"Moustiquaire",486,5
"F",489,1367,"Moustiquaire",1079,9
"F",239,1251,"Moustiquaire",1009,3
"F",207,1255,"Moustiquaire",1080,5
"M",600,1249,"Moustiquaire",1009,6
"M",354,NA,"Moustiquaire",198,0
"F",442,1324,"Moustiquaire",119,2
"F",465,1250,"Serpentin/Spray",1086,9
"F",309,1272,"Moustiquaire",1010,11
"F",269,1227,"Moustiquaire",1019,10
"F",914,1302,"Moustiquaire",840,4
"M",223,1246,"Rien",992,6
"F",845,1264,"Moustiquaire",336,2
"M",428,1340,"Moustiquaire",41,1
"F",389,1230,"Moustiquaire",1008,8
"F",552,1321,"Moustiquaire",275,6
"M",955,1304,"Moustiquaire",1008,9
"M",462,1327,"Serpentin/Spray",1082,5
"M",772,1284,"Moustiquaire",1009,8
"M",364,1344,"Serpentin/Spray",1089,4
"M",676,1326,"Moustiquaire",1013,6
"F",605,NA,"Moustiquaire",1084,0
"F",686,1364,"Moustiquaire",1008,10
"M",790,1256,"Rien",966,4
"F",585,1388,"Moustiquaire",1013,4
"F",556,1211,"Moustiquaire",1081,5
"M",211,1243,"Moustiquaire",678,11
"F",291,1320,"Rien",1078,1
"M",329,1354,"Rien",879,6
"M",304,1258,"Moustiquaire",1081,7
"M",758,1352,"Moustiquaire",1012,10
"F",494,NA,"Rien",1084,0
"F",375,1283,"Moustiquaire",0,1
"M",817,1314,"Moustiquaire",1080,9
"F",808,1300,"Moustiquaire",1009,9
"M",433,1217,"Moustiquaire",378,2
"F",401,1290,"Moustiquaire",168,4
"F",226,1239,"Rien",1085,6
"M",667,1293,"Moustiquaire",14,1
"M",364,1283,"Rien",815,4
"M",756,1338,"Moustiquaire",175,1
"M",476,1301,"Rien",1085,3
"M",836,1254,"Moustiquaire",1008,10
"F",271,NA,"Moustiquaire",96,2
"M",565,1163,"Moustiquaire",1019,12
"M",147,1344,"Moustiquaire",1086,4
"M",1061,1277,"Moustiquaire",168,2
"M",669,1344,"Rien",186,2
"M",518,1260,"Moustiquaire",1014,14
"M",427,1294,"Moustiquaire",1082,18
"F",1035,1295,"Moustiquaire",1008,5
"M",438,1381,"Moustiquaire",1013,3
"F",269,1478,"Rien",1085,3
"M",666,1319,"Moustiquaire",1013,3
"F",333,1215,"Moustiquaire",900,11
"M",308,1284,"Moustiquaire",1015,13
"M",243,1227,"Rien",1080,17
"M",288,1328,"Moustiquaire",1009,10
"M",183,1280,"Rien",1181,5
"F",262,1320,"Moustiquaire",54,1
"F",288,1319,"Rien",1080,13
"M",329,1308,"Moustiquaire",25,1
"M",234,1322,"Rien",1086,2
"M",448,1322,"Moustiquaire",1017,7
"F",86,1286,"Rien",301,5
"F",234,1161,"Moustiquaire",1022,4
"F",660,1280,"Rien",1080,5
"M",981,1304,"Moustiquaire",714,7
"F",259,NA,"Rien",995,3
"M",818,1291,"Moustiquaire",1008,7
"F",184,1256,"Rien",994,7
"M",872,1301,"Moustiquaire",337,3
"F",322,1288,"Rien",364,4
"M",199,1157,"Moustiquaire",14,1
"F",696,1326,"Moustiquaire",279,2
"F",804,1263,"Moustiquaire",673,8
"F",94,1312,"Moustiquaire",497,3
"F",684,1281,"Moustiquaire",1008,6
"F",489,NA,"Rien",1080,2
"M",777,1274,"Moustiquaire",1008,6
"F",825,1309,"Moustiquaire",666,5
"M",941,1284,"Moustiquaire",846,6
"M",509,1378,"Rien",1080,11
"F",735,1319,"Moustiquaire",168,3
"M",494,1276,"Moustiquaire",390,7
"F",1045,1205,"Moustiquaire",1015,2
"M",266,1276,"Moustiquaire",731,16
"F",760,1224,"Moustiquaire",504,3
"M",463,1303,"Moustiquaire",1080,10
"M",528,1243,"Moustiquaire",308,4
"F",316,1303,"Rien",579,8
"F",955,1257,"Moustiquaire",0,1
"M",157,1237,"Rien",272,2
"M",1008,1337,"Moustiquaire",672,2
"M",128,1237,"Rien",1107,9
"M",224,1294,"Moustiquaire",1008,12
"F",204,NA,"Moustiquaire",176,0
"F",411,1265,"Moustiquaire",678,4
"M",465,1229,"Serpentin/Spray",1086,2
"M",636,1336,"Moustiquaire",780,13
"F",98,1229,"Rien",274,1
"F",634,1315,"Moustiquaire",1015,10
"M",323,1320,"Rien",40,2
"F",522,1339,"Rien",168,1
"M",154,1320,"Rien",1081,8
"F",402,1318,"Moustiquaire",675,3
"M",585,1320,"Rien",1081,9
"M",309,1240,"Moustiquaire",514,1
"F",191,1227,"Rien",72,1
"M",846,1332,"Rien",1008,8
"M",622,1361,"Rien",921,3
"F",587,1288,"Moustiquaire",1012,4
"M",1040,1223,"Moustiquaire",678,2
"M",424,1361,"Rien",904,8
"F",1083,1302,"Moustiquaire",1008,4
"F",259,1361,"Moustiquaire",1079,3
"F",328,1338,"Moustiquaire",349,5
"M",130,1361,"Rien",1080,11
"F",1003,1206,"Rien",1008,8
"M",316,1361,"Rien",1025,15
"F",529,1279,"Moustiquaire",776,5
"F",392,1361,"Rien",725,7
"F",576,1298,"Moustiquaire",673,10
"M",708,1478,"Rien",178,2
"M",218,1219,"Rien",838,10
"M",132,1235,"Moustiquaire",305,5
"M",701,1290,"Moustiquaire",1009,14
"F",311,1235,"Rien",1079,18
"F",905,1399,"Moustiquaire",344,1
"M",213,1235,"Serpentin/Spray",1078,6
"M",685,1302,"Moustiquaire",847,9
"M",163,1235,"Rien",1083,3
"M",552,1308,"Moustiquaire",504,3
"F",964,NA,"Rien",1086,0
"F",182,1185,"Moustiquaire",168,2
"M",125,1235,"Moustiquaire",748,11
"M",758,1328,"Moustiquaire",178,0
"F",160,1259,"Rien",14,1
"F",936,1315,"Moustiquaire",1017,2
"M",424,1259,"Moustiquaire",98,1
"F",736,1340,"Moustiquaire",1008,7
"M",340,1259,"Rien",308,3
"F",921,1316,"Moustiquaire",1008,1
"F",459,1259,"Rien",352,2
"M",1499,1276,"Moustiquaire",0,0
"M",101,1259,"Rien",1080,6
"F",307,1292,"Moustiquaire",632,6
"F",709,1334,"Rien",1080,9
"F",449,1265,"Moustiquaire",34,2
"F",169,1330,"Rien",364,4
"F",1140,1318,"Moustiquaire",30,1
"F",765,1235,"Moustiquaire",1008,16
"F",152,1331,"Rien",1080,4
"F",887,1215,"Moustiquaire",1010,3
"F",1050,1235,"Moustiquaire",573,5
"M",678,1348,"Rien",991,5
"F",147,1348,"Rien",0,1
"M",558,1284,"Moustiquaire",1007,4
"M",452,1348,"Rien",687,6
"M",800,1229,"Moustiquaire",225,3
"F",459,1318,"Serpentin/Spray",811,3
"M",557,1319,"Moustiquaire",1008,13
"M",288,1300,"Serpentin/Spray",1464,7
"F",211,1317,"Moustiquaire",43,1
"M",635,1295,"Moustiquaire",1076,7
"F",780,1331,"Moustiquaire",1005,6
"M",282,1246,"Rien",565,5
"M",936,1361,"Moustiquaire",998,9
"M",680,1246,"Serpentin/Spray",14,1
"F",221,1259,"Moustiquaire",845,1
"F",666,1337,"Moustiquaire",425,7
"M",216,1271,"Moustiquaire",1062,7
"F",232,1337,"Rien",601,2
"M",735,1213,"Moustiquaire",861,1
"F",363,1337,"Rien",1081,10
"M",512,1280,"Moustiquaire",696,1
"M",904,1337,"Rien",1081,7
"M",282,1318,"Moustiquaire",26,2
"F",127,1350,"Rien",1081,11
"M",676,1221,"Moustiquaire",508,2
"F",631,1350,"Rien",1085,13
"F",522,1340,"Moustiquaire",606,6
"M",281,1350,"Rien",1081,3
"M",887,1327,"Moustiquaire",0,1
"M",152,1204,"Rien",378,1
"F",558,1289,"Moustiquaire",1029,3
"F",313,1204,"Rien",990,7
"F",380,1291,"Moustiquaire",1007,10
"F",346,1314,"Rien",280,4
"M",809,1311,"Moustiquaire",1016,2
"M",66,1313,"Moustiquaire",993,14
"F",643,1299,"Moustiquaire",1008,6
"M",312,1313,"Rien",359,5
"M",1028,1259,"Rien",1008,8
"M",528,1295,"Rien",297,1
"F",425,1302,"Moustiquaire",335,1
"F",202,NA,"Moustiquaire",973,0
"M",1110,1333,"Moustiquaire",427,6
"M",847,1294,"Moustiquaire",813,8
"F",358,1317,"Moustiquaire",15,1
"M",274,1294,"Rien",844,11
"F",1436,1243,"Moustiquaire",0,1
"F",356,1318,"Rien",341,1
"M",405,1347,"Moustiquaire",825,1
"M",267,1318,"Moustiquaire",78,2
"F",774,1281,"Moustiquaire",741,5
"M",520,1316,"Rien",500,3
"M",764,1360,"Moustiquaire",0,1
"F",166,1316,"Moustiquaire",656,3
"M",593,1258,"Moustiquaire",1038,11
"M",749,1316,"Rien",1080,7
"M",525,1319,"Moustiquaire",846,4
"F",295,1324,"Rien",1078,25
"F",717,1330,"Moustiquaire",706,2
"F",419,1324,"Rien",1083,12
"M",197,1294,"Moustiquaire",5,1
"F",317,1324,"Rien",1082,13
"M",540,1424,"Moustiquaire",1012,4
"F",361,1268,"Rien",1079,8
"M",755,1275,"Moustiquaire",1012,10
"M",365,1268,"Moustiquaire",1082,3
"M",276,1295,"Moustiquaire",1012,7
"M",614,1268,"Rien",14,1
"F",477,1301,"Moustiquaire",1008,2
"M",94,1268,"Moustiquaire",14,1
"M",953,1256,"Moustiquaire",672,5
"F",256,1332,"Rien",161,6
"F",313,1291,"Moustiquaire",1017,6
"F",713,1263,"Rien",369,1
"M",565,1336,"Moustiquaire",191,3
"F",182,1263,"Moustiquaire",157,2
"F",210,1304,"Moustiquaire",401,0
"F",566,NA,"Rien",1082,0
"M",1047,1259,"Moustiquaire",0,1
"F",843,NA,"Moustiquaire",0,0
"M",662,1299,"Moustiquaire",1008,2
"F",214,1263,"Moustiquaire",1045,10
"F",786,1304,"Moustiquaire",505,10
"M",952,1263,"Serpentin/Spray",1066,13
"M",192,1253,"Moustiquaire",110,0
"M",519,1263,"Rien",1080,12
"F",745,1323,"Moustiquaire",511,4
"F",374,1243,"Rien",1081,5
"F",568,1322,"Moustiquaire",0,0
"M",599,1243,"Moustiquaire",819,3
"F",410,1312,"Moustiquaire",189,2
"M",605,1358,"Rien",1080,9
"M",405,1325,"Moustiquaire",1002,11
"M",515,1145,"Serpentin/Spray",1080,13
"F",544,1323,"Moustiquaire",844,6
"M",911,1305,"Rien",1080,1
"F",239,1222,"Moustiquaire",215,2
"M",901,1145,"Rien",134,3
"F",827,1333,"Moustiquaire",0,1
"F",238,NA,"Moustiquaire",1080,0
"M",484,1338,"Moustiquaire",115,0
"M",343,1300,"Moustiquaire",310,6
"M",755,1331,"Moustiquaire",0,0
"F",148,1276,"Rien",1092,1
"F",314,1281,"Moustiquaire",1011,2
"F",224,1300,"Moustiquaire",543,4
"F",779,1292,"Moustiquaire",336,4
"M",103,NA,"Rien",98,0
"M",446,1344,"Moustiquaire",1008,9
"M",510,1300,"Serpentin/Spray",630,10
"M",885,1326,"Moustiquaire",0,0
"M",108,NA,"Serpentin/Spray",720,0
"F",327,1328,"Moustiquaire",1012,5
"F",295,1299,"Rien",1081,7
"F",699,1275,"Moustiquaire",504,5
"M",113,1299,"Rien",132,4
"M",926,1436,"Moustiquaire",272,4
"F",439,1299,"Rien",380,1
"F",310,1254,"Moustiquaire",1008,14
"M",577,NA,"Rien",14,0
"M",405,1294,"Moustiquaire",1010,5
"M",372,1342,"Rien",14,1
"M",232,1291,"Moustiquaire",169,0
"M",559,1338,"Rien",14,1
"M",984,1280,"Moustiquaire",0,0
"F",668,1338,"Moustiquaire",1081,15
"F",382,1286,"Moustiquaire",963,3
"M",803,NA,"Moustiquaire",905,1
"F",198,1348,"Moustiquaire",1008,9
"M",97,1324,"Rien",1082,3
"F",605,1287,"Moustiquaire",1008,5
"M",755,1329,"Rien",1080,10
"F",312,1278,"Moustiquaire",840,9
"M",789,1329,"Serpentin/Spray",17,1
"M",1093,1236,"Moustiquaire",1008,4
"M",465,1297,"Rien",540,5
"M",942,1259,"Serpentin/Spray",844,4
"M",809,1337,"Moustiquaire",676,1
"M",396,1297,"Rien",1099,7
"F",244,1254,"Moustiquaire",1010,16
"M",130,1297,"Rien",1099,5
"F",529,1290,"Moustiquaire",0,1
"F",186,NA,"Moustiquaire",1083,0
"F",697,1371,"Moustiquaire",845,6
"M",209,1297,"Rien",205,1
"F",593,1334,"Moustiquaire",823,2
"M",133,1297,"Rien",25,2
"F",586,1351,"Moustiquaire",340,4
"F",177,1280,"Rien",144,3
"F",228,NA,"Serpentin/Spray",0,0
"F",284,1262,"Moustiquaire",14,1
"M",361,1280,"Rien",161,3
"M",717,1301,"Moustiquaire",168,0
"F",122,1280,"Rien",318,2
"M",756,1280,"Rien",14,1
"F",928,1231,"Rien",982,4
"F",1006,1290,"Rien",0,1
"F",639,1231,"Rien",1094,6
"F",248,1273,"Moustiquaire",172,1
"F",404,1231,"Rien",1080,11
"M",758,1297,"Moustiquaire",844,4
"M",871,1309,"Rien",58,1
"F",936,1280,"Moustiquaire",1029,3
"F",119,1275,"Moustiquaire",991,5
"F",868,1297,"Moustiquaire",672,4
"F",442,NA,"Moustiquaire",1138,0
"F",1066,1315,"Moustiquaire",1013,6
"F",129,NA,"Moustiquaire",0,0
"F",434,1295,"Moustiquaire",1008,7
"F",693,1319,"Rien",44,1
"F",394,1278,"Moustiquaire",1011,5
"F",470,1288,"Moustiquaire",962,2
"F",185,1319,"Moustiquaire",1075,3
"F",1093,1299,"Moustiquaire",14,1
"F",192,NA,"Moustiquaire",940,0
"F",317,1299,"Moustiquaire",100,3
"M",264,NA,"Moustiquaire",15,0
"M",333,1328,"Moustiquaire",323,3
"F",216,1308,"Serpentin/Spray",33,1
"F",618,1309,"Moustiquaire",674,0
"M",153,1396,"Moustiquaire",272,1
"F",1081,1299,"Moustiquaire",504,4
"M",183,1308,"Rien",1076,11
"M",334,1313,"Moustiquaire",168,3
"F",192,1253,"Rien",1103,1
"F",1084,1324,"Moustiquaire",165,1
"M",112,NA,"Serpentin/Spray",1070,0
"M",537,1203,"Moustiquaire",839,4
"M",749,1308,"Moustiquaire",173,1
"M",553,1224,"Moustiquaire",1008,13
"F",337,1308,"Moustiquaire",1083,5
"F",152,NA,"Moustiquaire",1101,3
"F",1039,1318,"Moustiquaire",917,6
"F",266,1390,"Moustiquaire",1008,5
"M",126,NA,"Rien",25,0
"F",272,1327,"Moustiquaire",0,0
"F",554,1308,"Moustiquaire",561,3
"M",715,1295,"Moustiquaire",588,4
"M",250,NA,"Moustiquaire",1079,0
"M",301,1244,"Moustiquaire",1009,15
"M",200,NA,"Moustiquaire",182,0
"M",216,1280,"Moustiquaire",1008,9
"F",467,1308,"Rien",148,3
"F",418,1257,"Moustiquaire",841,10
"F",286,1319,"Moustiquaire",0,0
"M",392,1233,"Rien",540,6
"M",453,1332,"Moustiquaire",710,0
"M",589,1233,"Rien",27,2
"M",893,1277,"Moustiquaire",119,1
"M",137,NA,"Rien",49,0
"M",310,1312,"Moustiquaire",1007,9
"M",317,1268,"Rien",1078,8
"M",185,1324,"Moustiquaire",416,0
"M",327,1268,"Rien",1081,4
"F",415,1309,"Moustiquaire",0,0
"M",140,NA,"Rien",1347,8
"M",393,1287,"Moustiquaire",1008,9
"F",634,1298,"Moustiquaire",273,2
"M",495,1282,"Moustiquaire",843,7
"F",429,1231,"Moustiquaire",178,4
"M",322,1318,"Moustiquaire",0,0
"M",134,1231,"Moustiquaire",187,5
"F",454,1316,"Moustiquaire",433,1
"M",442,1231,"Rien",407,2
"M",395,1317,"Moustiquaire",1013,9
"F",650,1317,"Rien",992,3
"M",448,1274,"Moustiquaire",1006,9
"M",761,NA,"Moustiquaire",23,0
"M",311,1266,"Moustiquaire",506,4
"M",362,1282,"Serpentin/Spray",1080,7
"M",243,1389,"Moustiquaire",1012,0
"M",179,1254,"Moustiquaire",840,5
"F",460,1254,"Rien",215,1
"M",443,1248,"Rien",420,2
"M",186,1195,"Moustiquaire",924,3
"F",728,NA,"Moustiquaire",489,1
"M",560,1228,"Moustiquaire",280,4
"F",452,1287,"Rien",636,2
"F",288,1305,"Moustiquaire",1008,5
"M",588,1321,"Moustiquaire",118,1
"M",191,1310,"Rien",247,4
"F",220,1287,"Serpentin/Spray",390,2
"F",497,1296,"Moustiquaire",1010,10
"F",166,1275,"Moustiquaire",1097,8
"F",370,1282,"Moustiquaire",1008,9
"F",474,1288,"Moustiquaire",1008,9
"F",309,NA,"Rien",20,0
"F",159,1265,"Moustiquaire",924,2
"F",400,1263,"Rien",1080,5
"F",307,1287,"Rien",1012,8
"M",614,1306,"Rien",414,2
"F",452,1273,"Rien",0,1
"M",274,1263,"Moustiquaire",1080,12
"F",278,1330,"Moustiquaire",336,6
"M",587,1263,"Rien",198,2
"F",199,1279,"Moustiquaire",1012,3
"F",353,NA,"Moustiquaire",0,0
"F",514,1261,"Moustiquaire",846,6
"M",159,1289,"Moustiquaire",1007,4
"F",141,1208,"Moustiquaire",1008,4
"M",221,NA,"Rien",724,4
"F",236,1274,"Moustiquaire",1008,9
"F",778,1299,"Rien",233,7
"F",407,1321,"Moustiquaire",1011,5
"M",524,1299,"Moustiquaire",90,3
"M",132,1321,"Moustiquaire",640,0
"M",164,1268,"Rien",44,2
"F",494,1288,"Moustiquaire",14,1
"F",134,1268,"Rien",630,7
"M",521,1380,"Moustiquaire",1009,9
"M",155,1339,"Rien",0,1
"F",514,1316,"Moustiquaire",14,1
"M",956,1339,"Serpentin/Spray",993,3
"F",434,1324,"Moustiquaire",1008,9
"M",458,1339,"Moustiquaire",1082,7
"F",173,1291,"Moustiquaire",1009,9
"M",284,1316,"Rien",1000,2
"F",263,1340,"Moustiquaire",1008,10
"F",164,NA,"Rien",1082,2
"M",974,1257,"Moustiquaire",19,0
"F",914,NA,"Rien",53,0
"M",380,1271,"Moustiquaire",1008,10
"F",194,1305,"Moustiquaire",997,1
"F",932,1315,"Moustiquaire",1008,5
"M",228,1348,"Rien",1081,12
"M",583,1363,"Moustiquaire",677,5
"M",172,1319,"Rien",1081,4
"F",448,1308,"Moustiquaire",672,2
"F",125,1348,"Moustiquaire",1079,4
"F",160,1323,"Moustiquaire",588,6
"M",541,1263,"Moustiquaire",738,4
"F",814,1302,"Moustiquaire",0,0
"M",102,NA,"Moustiquaire",39,0
"F",298,1222,"Moustiquaire",0,1
"M",195,1263,"Moustiquaire",1085,11
"F",560,1240,"Moustiquaire",142,5
"F",803,1263,"Rien",1078,4
"M",193,1234,"Moustiquaire",178,2
"F",456,1312,"Moustiquaire",721,5
"M",511,1191,"Moustiquaire",23,1
"F",336,1281,"Rien",70,2
"F",362,1301,"Moustiquaire",99,2
"M",456,1281,"Rien",1086,5
"F",367,1278,"Moustiquaire",849,3
"M",411,1318,"Moustiquaire",543,4
"M",517,1242,"Moustiquaire",1008,9
"F",103,1318,"Rien",161,7
"M",177,1181,"Moustiquaire",373,5
"F",307,1295,"Rien",1083,17
"F",333,1310,"Moustiquaire",992,7
"M",961,1295,"Moustiquaire",172,2
"M",172,1262,"Moustiquaire",245,5
"M",169,1295,"Moustiquaire",1082,11
"F",398,1354,"Moustiquaire",431,2
"F",105,1283,"Rien",14,1
"M",558,1320,"Moustiquaire",98,2
"M",57,1283,"Rien",226,5
"M",190,1274,"Moustiquaire",1008,13
"M",217,1309,"Rien",1080,7
"F",129,1288,"Moustiquaire",1008,12
"M",291,1317,"Rien",1084,7
"F",364,1310,"Moustiquaire",1008,13
"M",686,1317,"Rien",89,2
"M",86,1325,"Moustiquaire",1008,4
"M",174,1241,"Rien",840,5
"M",215,1317,"Rien",91,3
"F",463,1298,"Moustiquaire",260,3
"F",376,1318,"Moustiquaire",840,5
"M",172,1245,"Rien",368,1
"F",147,1293,"Moustiquaire",1025,6
"M",854,1245,"Moustiquaire",1081,6
"F",206,1341,"Moustiquaire",1013,8
"M",163,1341,"Moustiquaire",12,1
"F",276,1274,"Serpentin/Spray",596,7
"M",184,1292,"Moustiquaire",1008,7
"M",518,1274,"Serpentin/Spray",808,4
"F",272,1227,"Moustiquaire",840,8
"F",107,1330,"Rien",629,3
"F",276,1277,"Moustiquaire",1016,13
"M",654,1330,"Moustiquaire",72,1
"F",514,1320,"Moustiquaire",1033,12
"M",390,1252,"Moustiquaire",323,2
"F",233,1265,"Rien",482,3
"F",429,1329,"Rien",14,1
"M",180,1265,"Moustiquaire",454,1
"M",216,1365,"Moustiquaire",1012,4
"F",709,1265,"Rien",67,2
"M",402,1291,"Moustiquaire",125,2
"F",172,1330,"Moustiquaire",14,1
"M",360,1318,"Rien",16,1
"M",471,1298,"Moustiquaire",672,5
"M",201,1318,"Moustiquaire",990,6
"F",171,1258,"Moustiquaire",1008,7
"F",267,1318,"Rien",0,1
"F",361,1336,"Moustiquaire",1008,13
"F",141,NA,"Moustiquaire",1062,2
"F",248,1287,"Moustiquaire",1010,7
"M",146,1270,"Rien",1008,12
"M",261,1283,"Moustiquaire",449,5
"F",624,1318,"Moustiquaire",0,1
"F",192,1267,"Rien",397,5
"M",201,1298,"Moustiquaire",820,4
"M",542,1258,"Moustiquaire",560,8
"M",199,1298,"Rien",990,10
"F",159,1244,"Moustiquaire",0,1
"M",120,1263,"Moustiquaire",1008,9
"M",178,NA,"Moustiquaire",1051,19
"M",490,1337,"Moustiquaire",848,2
"F",158,1252,"Serpentin/Spray",71,3
"M",214,1290,"Moustiquaire",1008,12
"M",110,1252,"Moustiquaire",45,2
"M",261,1346,"Moustiquaire",1008,3
"F",172,1252,"Rien",158,1
"F",540,1322,"Moustiquaire",14,1
"M",466,1242,"Moustiquaire",1008,6
"F",112,1319,"Moustiquaire",909,1
"M",466,1251,"Moustiquaire",1008,8
"F",140,1300,"Moustiquaire",90,1
"F",528,1208,"Moustiquaire",1011,6
"M",170,1300,"Rien",293,2
"F",289,1261,"Moustiquaire",14,1
"F",361,1254,"Rien",616,7
"M",256,1348,"Moustiquaire",927,13
"M",321,1254,"Moustiquaire",991,12
"F",426,1262,"Rien",925,5
"M",396,1254,"Moustiquaire",14,1
"M",190,1259,"Moustiquaire",511,7
"F",166,1281,"Rien",242,3
"F",521,1307,"Moustiquaire",252,4
"M",215,1281,"Rien",992,2
"M",319,1274,"Moustiquaire",14,1
"F",336,1222,"Moustiquaire",672,7
"F",108,1341,"Serpentin/Spray",990,7
"F",189,1253,"Moustiquaire",1008,12
"M",101,1235,"Rien",458,2
"F",230,1282,"Moustiquaire",14,1
"M",171,1301,"Rien",138,1
"M",436,1309,"Moustiquaire",14,1
"F",778,1235,"Moustiquaire",994,3
"F",267,1261,"Moustiquaire",1008,7
"M",208,1296,"Moustiquaire",1008,2
"F",116,1235,"Rien",540,2
"M",388,1316,"Moustiquaire",0,1
"M",515,1320,"Rien",991,5
"F",465,1291,"Moustiquaire",383,4
"M",376,1320,"Moustiquaire",993,7
"F",293,1314,"Rien",94,3
"F",173,1320,"Rien",990,9
"M",302,1313,"Moustiquaire",336,5
"F",12,NA,"Moustiquaire",883,0
"F",226,1253,"Rien",1008,19
"F",102,1320,"Autre",49,1
"F",314,1266,"Moustiquaire",719,1
"M",319,1297,"Rien",995,6
"M",217,1215,"Moustiquaire",251,5
"M",185,1293,"Moustiquaire",6,1
"F",284,1253,"Moustiquaire",1016,15
"M",283,1293,"Rien",1017,9
"F",392,1291,"Moustiquaire",256,6
"F",20,1390,"Moustiquaire",990,2
"M",102,1293,"Moustiquaire",994,2
"F",384,1347,"Moustiquaire",1008,9
"F",144,1224,"Rien",995,12
"F",339,1274,"Moustiquaire",1008,5
"F",85,1151,"Moustiquaire",2,1
"F",422,1358,"Moustiquaire",168,2
"F",760,1308,"Serpentin/Spray",992,7
"M",459,1252,"Moustiquaire",1008,10
"F",132,1294,"Serpentin/Spray",1078,8
"F",408,1234,"Moustiquaire",0,1
"M",749,1393,"Moustiquaire",14,1
"M",301,1294,"Rien",254,4
"F",211,1235,"Rien",1010,14
"M",985,1334,"Moustiquaire",1075,3
"M",245,1276,"Moustiquaire",504,9
"F",263,1310,"Rien",630,8
"M",537,1279,"Moustiquaire",1008,18
"M",201,1348,"Moustiquaire",0,1
"F",364,1264,"Moustiquaire",433,8
"M",264,1310,"Moustiquaire",588,11
"M",144,1362,"Rien",990,9
"F",235,1309,"Moustiquaire",756,1
"F",352,1359,"Moustiquaire",181,2
"F",212,1252,"Moustiquaire",1018,3
"F",206,1281,"Autre",1080,7
"M",333,1317,"Moustiquaire",252,2
"F",242,NA,"Moustiquaire",15,0
"F",402,1227,"Moustiquaire",1008,15
"F",174,1281,"Moustiquaire",14,1
"F",449,1294,"Moustiquaire",1008,4
"M",390,1241,"Rien",378,2
"M",396,1284,"Moustiquaire",84,3
"F",275,1292,"Moustiquaire",348,5
"M",389,1416,"Moustiquaire",992,6
"F",362,1317,"Moustiquaire",669,4
"F",257,1358,"Rien",908,5
"M",133,1290,"Moustiquaire",1008,9
"M",561,1370,"Moustiquaire",453,3
"F",247,1319,"Moustiquaire",1007,10
"M",243,1330,"Moustiquaire",1005,12
"M",334,NA,"Rien",992,8
"F",418,1241,"Moustiquaire",1008,8
"M",134,1319,"Moustiquaire",1090,14
"F",371,1304,"Moustiquaire",86,2
"F",127,1321,"Moustiquaire",756,11
"M",831,1365,"Rien",14,1
"F",428,1229,"Moustiquaire",588,2
"F",794,1315,"Rien",173,3
"M",230,1246,"Moustiquaire",1122,5
"F",295,1181,"Rien",1097,7
"F",468,1271,"Moustiquaire",1021,11
"M",160,1338,"Rien",962,3
"M",163,1314,"Moustiquaire",1008,6
"M",321,1213,"Moustiquaire",961,4
"F",306,1345,"Moustiquaire",23,2
"F",337,1353,"Moustiquaire",1121,6
"M",271,1362,"Moustiquaire",758,2
"F",157,1344,"Rien",1127,12
"F",190,1306,"Moustiquaire",85,1
"F",356,1324,"Moustiquaire",308,2
"F",321,1361,"Moustiquaire",90,2
"M",126,1237,"Moustiquaire",0,1
"M",318,1333,"Rien",992,2
"F",110,1277,"Rien",129,3
"M",444,1261,"Rien",991,5
"M",191,1239,"Moustiquaire",926,4
"F",246,NA,"Rien",1141,0
"F",207,1257,"Moustiquaire",756,2
"F",404,1287,"Moustiquaire",720,3
"F",331,1336,"Moustiquaire",840,3
"F",394,1204,"Rien",1105,3
"F",265,1343,"Moustiquaire",757,5
"F",405,1296,"Moustiquaire",0,1
"M",384,1327,"Moustiquaire",1080,7
"M",522,1345,"Moustiquaire",841,5
"M",602,NA,"Rien",1078,0
"F",458,1359,"Rien",673,4
"M",270,1314,"Rien",1080,7
"M",421,1245,"Moustiquaire",1013,8
"M",118,1275,"Moustiquaire",631,10
"M",225,1309,"Moustiquaire",1014,1
"M",202,NA,"Rien",14,0
"F",246,1342,"Moustiquaire",834,1
"F",246,1299,"Moustiquaire",613,1
"M",282,1408,"Moustiquaire",336,2
"F",964,1353,"Rien",1085,11
"M",542,1234,"Moustiquaire",1012,5
"F",104,NA,"Moustiquaire",56,0
"F",498,1264,"Rien",1011,5
"M",313,1296,"Moustiquaire",471,2
"M",310,1316,"Moustiquaire",840,6
"F",691,1280,"Rien",363,4
"M",547,1343,"Moustiquaire",672,1
"F",742,1322,"Rien",813,5
"M",369,1243,"Moustiquaire",925,8
"F",236,1213,"Moustiquaire",1080,13
"M",365,1260,"Moustiquaire",110,1
"M",193,NA,"Moustiquaire",477,0
"M",440,1247,"Moustiquaire",1005,11
"M",211,1323,"Moustiquaire",1079,11
"M",343,1336,"Moustiquaire",322,3
"M",278,1276,"Moustiquaire",1127,9
"M",358,1269,"Moustiquaire",1008,3
"M",454,1307,"Rien",1073,3
"M",356,1309,"Moustiquaire",1008,15
"M",207,1295,"Rien",1088,11
"F",406,1372,"Rien",1008,4
"M",905,1370,"Moustiquaire",900,4
"M",397,1299,"Moustiquaire",253,3
"F",899,1330,"Moustiquaire",22,1
"M",323,1319,"Moustiquaire",14,1
"F",482,1298,"Rien",14,1
"F",142,1229,"Moustiquaire",14,1
"M",781,1329,"Moustiquaire",204,2
"F",254,1316,"Moustiquaire",588,5
"M",957,1336,"Moustiquaire",367,2
"M",364,1221,"Rien",1080,6
"F",287,1310,"Moustiquaire",672,3
"F",247,1308,"Moustiquaire",83,2
"M",253,1239,"Rien",588,5
"M",175,NA,"Moustiquaire",68,0
"M",546,1320,"Rien",924,4
"F",177,NA,"Moustiquaire",902,0
"M",516,1300,"Rien",1003,9
"F",273,1239,"Moustiquaire",1082,9
"M",96,1256,"Rien",14,1
"M",309,NA,"Rien",1091,0
"F",356,1242,"Rien",946,8
"M",144,1322,"Moustiquaire",1080,4
"F",417,1354,"Moustiquaire",1008,1
"M",261,1379,"Rien",43,2
"F",355,1254,"Moustiquaire",1008,13
"M",784,1242,"Moustiquaire",1080,5
"F",203,1248,"Moustiquaire",756,5
"F",536,1271,"Serpentin/Spray",1079,6
"F",147,1270,"Rien",0,1
"F",346,1289,"Moustiquaire",1084,5
"F",309,1308,"Moustiquaire",166,1
"F",211,1304,"Moustiquaire",882,10
"F",92,1323,"Moustiquaire",924,3
"F",98,NA,"Moustiquaire",0,0
"M",537,1340,"Moustiquaire",756,5
"F",976,1365,"Rien",0,1
"F",249,1298,"Moustiquaire",1018,12
"M",115,1262,"Moustiquaire",1110,6
"M",349,1351,"Rien",957,7
"M",249,1285,"Moustiquaire",814,11
"F",306,1336,"Moustiquaire",923,11
"M",147,1238,"Rien",828,5
"M",231,1275,"Rien",806,6
"M",318,NA,"Serpentin/Spray",451,5
"M",502,1315,"Moustiquaire",182,4
"M",720,1342,"Rien",0,0
"F",448,1269,"Moustiquaire",887,4
"F",550,1280,"Moustiquaire",704,3
"F",436,1298,"Rien",1008,1
"M",197,NA,"Serpentin/Spray",0,0
"M",146,1359,"Rien",61,1
"F",199,1348,"Moustiquaire",1080,4
"M",515,1282,"Moustiquaire",756,2
"F",222,1331,"Moustiquaire",1080,13
"M",535,1261,"Moustiquaire",1009,6
"F",439,1319,"Moustiquaire",966,1
"F",542,1322,"Moustiquaire",168,1
"M",692,1314,"Rien",38,2
"M",170,1249,"Moustiquaire",1009,3
"M",172,NA,"Rien",809,2
"M",142,1323,"Moustiquaire",94,1
"F",228,1370,"Moustiquaire",181,1
"F",137,1304,"Moustiquaire",756,7
"M",240,1363,"Rien",1092,5
"M",110,1320,"Moustiquaire",0,1
"M",390,1273,"Moustiquaire",1080,7
"M",196,1287,"Moustiquaire",1008,14
"M",273,1326,"Rien",0,1
"F",328,1268,"Moustiquaire",1008,10
"F",142,1254,"Moustiquaire",1062,13
"F",505,1263,"Moustiquaire",1013,7
"F",170,1305,"Moustiquaire",1023,12
"M",493,1237,"Rien",1008,6
"F",393,1313,"Rien",354,4
"F",263,1343,"Moustiquaire",124,3
"F",879,1358,"Moustiquaire",1080,16
"F",405,1336,"Moustiquaire",1008,5
"M",472,1268,"Moustiquaire",1080,11
"F",376,1298,"Rien",840,8
"M",208,1313,"Serpentin/Spray",130,2
"F",578,1304,"Rien",99,3
"F",581,1314,"Serpentin/Spray",14,1
"M",347,1254,"Moustiquaire",596,3
"F",225,1255,"Moustiquaire",0,1
"F",226,1254,"Moustiquaire",1008,10
"F",321,1304,"Rien",193,1
"M",128,1319,"Rien",99,1
"F",98,NA,"Moustiquaire",0,0
"F",488,1282,"Moustiquaire",1008,12
"F",215,1399,"Moustiquaire",235,2
"F",522,1296,"Rien",839,6
"F",718,1251,"Moustiquaire",91,3
"M",305,1326,"Rien",0,1
"F",92,1318,"Moustiquaire",42,2
"F",247,1299,"Moustiquaire",1008,21
"F",186,1270,"Moustiquaire",900,6
"F",473,1316,"Rien",347,5
"F",985,1324,"Rien",812,5
"F",136,1279,"Moustiquaire",255,4
"F",763,1290,"Moustiquaire",674,3
"M",318,1308,"Moustiquaire",507,5
"F",201,1304,"Serpentin/Spray",1080,9
"M",283,1368,"Moustiquaire",84,1
"F",378,NA,"Rien",91,0
"F",541,1321,"Moustiquaire",88,1
"F",191,1247,"Moustiquaire",0,1
"M",386,1285,"Rien",1008,7
"F",175,1214,"Rien",1082,2
"M",381,1383,"Moustiquaire",840,5
"F",217,1323,"Rien",452,2
"M",409,1298,"Moustiquaire",0,0
"F",444,1323,"Rien",182,1
"F",174,1244,"Rien",14,1
"F",810,1294,"Moustiquaire",1079,5
"M",109,1320,"Moustiquaire",14,2
"M",144,1294,"Rien",1077,7
"F",523,1307,"Moustiquaire",168,2
"M",533,1323,"Moustiquaire",84,3
"M",81,1290,"Moustiquaire",151,2
"M",248,1294,"Moustiquaire",1008,8
"M",98,NA,"Moustiquaire",3,0
"M",315,1243,"Moustiquaire",588,5
"F",343,1231,"Rien",361,2
"F",97,1252,"Moustiquaire",1008,7
"F",199,1227,"Moustiquaire",1080,7
"M",251,1305,"Rien",0,1
"M",181,1250,"Moustiquaire",1078,13
"M",543,1330,"Moustiquaire",168,3
"F",198,1378,"Rien",1080,8
"M",262,1295,"Rien",1010,7
"F",384,1319,"Rien",252,1
"M",496,1370,"Moustiquaire",1086,1
"F",459,1255,"Moustiquaire",1015,6
"F",238,NA,"Moustiquaire",11,0
"M",517,1243,"Moustiquaire",441,13
"M",127,1246,"Rien",85,2
"M",551,1283,"Moustiquaire",1008,9
"M",1007,1346,"Moustiquaire",812,5
"F",325,1262,"Moustiquaire",840,15
"M",194,1344,"Moustiquaire",14,1
"F",381,1290,"Moustiquaire",14,1
"F",662,1241,"Rien",21,2
"M",119,1292,"Moustiquaire",14,1
"F",163,1348,"Moustiquaire",0,1
"F",156,1297,"Moustiquaire",168,1
"F",383,1289,"Rien",42,1
"M",465,1305,"Moustiquaire",841,11
"F",365,1280,"Moustiquaire",1015,6
"F",166,1301,"Moustiquaire",1016,1
"M",136,1305,"Autre",1080,6
"M",647,1299,"Moustiquaire",504,7
"F",724,1202,"Moustiquaire",336,3
"F",347,1265,"Rien",1064,22
"M",419,1308,"Moustiquaire",843,13
"F",217,1272,"Rien",722,3
"F",372,1318,"Rien",0,1
"F",458,1249,"Rien",0,1
"F",164,1249,"Moustiquaire",0,1
"F",483,NA,"Moustiquaire",14,0
"M",272,1263,"Moustiquaire",1008,5
"M",537,1515,"Moustiquaire",0,1
"M",255,1314,"Moustiquaire",1079,12
"M",180,1320,"Rien",607,1
"F",376,1370,"Moustiquaire",875,7
"M",442,1286,"Rien",98,3
"M",118,1280,"Moustiquaire",84,1
"M",118,1261,"Rien",1081,10
"M",443,1267,"Moustiquaire",547,6
"M",297,1312,"Serpentin/Spray",1080,8
"M",222,1212,"Moustiquaire",1004,4
"M",380,1283,"Rien",721,3
"F",166,1192,"Rien",903,5
"F",123,1237,"Moustiquaire",1008,5
"F",195,1276,"Moustiquaire",362,6
"M",127,1255,"Moustiquaire",1004,3
"M",137,1229,"Rien",15,1
"F",142,1297,"Rien",1016,7
"F",134,1314,"Serpentin/Spray",87,2
"M",190,1275,"Rien",1008,14
"M",481,1308,"Moustiquaire",1089,1
"M",540,1242,"Rien",0,1
"F",317,1408,"Moustiquaire",1083,10
"M",400,1311,"Moustiquaire",216,1
"F",88,1278,"Moustiquaire",1081,7
"M",517,1296,"Moustiquaire",0,1
"M",618,1314,"Rien",273,3
"F",505,1262,"Moustiquaire",168,1
"M",800,1426,"Moustiquaire",177,2
"F",165,1344,"Moustiquaire",170,1
"F",239,1315,"Moustiquaire",426,2
"M",383,1303,"Moustiquaire",890,9
"M",874,1208,"Rien",14,1
"M",536,1351,"Rien",420,8
"M",300,1372,"Rien",14,1
"M",134,1270,"Moustiquaire",681,3
"F",145,1314,"Rien",864,1
"F",172,1293,"Moustiquaire",1020,4
"M",319,1271,"Moustiquaire",1080,22
"M",357,1311,"Moustiquaire",420,2
"M",534,1228,"Rien",1008,2
"M",358,1221,"Rien",1010,3
"M",200,1316,"Rien",265,2
"F",141,1295,"Rien",360,4
"F",291,1237,"Rien",338,2
"F",310,1333,"Moustiquaire",905,8
"F",181,1220,"Rien",14,2
"F",175,1326,"Moustiquaire",1080,6
"F",391,1280,"Rien",678,10
"M",140,NA,"Moustiquaire",102,0
"F",326,1308,"Moustiquaire",336,1
"F",589,1245,"Rien",1,1
"F",526,1277,"Rien",0,1
"F",540,1368,"Rien",86,2
"M",334,1291,"Rien",1025,9
"M",212,1321,"Rien",1036,6
"M",840,NA,"Moustiquaire",0,0
"F",405,1369,"Rien",577,3
"F",164,1319,"Moustiquaire",1080,8
"M",223,1327,"Moustiquaire",16,1
"F",135,1283,"Rien",1079,10
"F",99,1257,"Rien",14,2
"F",738,1344,"Serpentin/Spray",0,1
"M",203,1307,"Moustiquaire",754,8
"F",247,1307,"Moustiquaire",1081,5
"M",262,1338,"Moustiquaire",12,2
"M",1016,1314,"Rien",894,9
"F",354,1283,"Moustiquaire",28,2
"F",146,1315,"Rien",15,2
"F",441,1293,"Rien",1015,2
"F",224,1361,"Rien",17,2
"F",260,1320,"Rien",212,2
"F",198,1324,"Rien",4,1
"F",515,1316,"Moustiquaire",1008,4
"M",473,1327,"Moustiquaire",1093,2
"M",1079,1316,"Rien",1005,7
"M",611,1361,"Rien",1079,4
"F",481,1363,"Moustiquaire",1009,4
"F",397,1243,"Rien",348,4
"M",374,NA,"Rien",810,0
"F",507,1327,"Moustiquaire",1011,1
"F",142,1340,"Rien",97,3
"F",144,1298,"Rien",252,3
"F",480,1267,"Moustiquaire",504,9
"F",139,NA,"Moustiquaire",1091,8
"M",518,1294,"Rien",1008,14
"M",310,1322,"Moustiquaire",1090,3
"M",228,1305,"Moustiquaire",426,2
"M",672,1326,"Rien",844,6
"F",330,1307,"Rien",1037,8
"F",239,1279,"Serpentin/Spray",1080,5
"M",222,1279,"Moustiquaire",336,1
"M",121,1319,"Rien",764,6
"M",595,1296,"Moustiquaire",168,1
"F",168,1230,"Moustiquaire",0,1
"M",386,1276,"Rien",336,2
"F",143,1364,"Moustiquaire",1084,4
"M",556,1291,"Moustiquaire",0,1
"F",174,1327,"Moustiquaire",31,2
"M",483,1322,"Moustiquaire",741,3
"F",144,NA,"Moustiquaire",1083,2
"F",253,1307,"Moustiquaire",340,1
"F",238,1331,"Rien",1080,3
"M",375,1298,"Moustiquaire",266,5
"F",389,1304,"Moustiquaire",1008,5
"F",277,1230,"Moustiquaire",1007,8
"F",393,1355,"Rien",1081,7
"M",345,1308,"Rien",676,7
"F",272,NA,"Moustiquaire",92,0
"F",457,1242,"Moustiquaire",1008,6
"F",213,1311,"Rien",1,1
"M",86,1318,"Moustiquaire",476,3
"F",624,1213,"Moustiquaire",672,5
"M",147,NA,"Moustiquaire",178,0
"M",175,1275,"Rien",1017,5
"F",571,1259,"Serpentin/Spray",813,5
"M",339,1294,"Moustiquaire",144,3
"M",133,1249,"Moustiquaire",818,5
"F",100,1265,"Rien",1009,10
"F",284,1257,"Serpentin/Spray",639,2
"M",520,1334,"Moustiquaire",22,1
"F",203,1309,"Moustiquaire",0,1
"F",552,1271,"Moustiquaire",0,1
"F",451,1342,"Rien",992,8
"M",326,1172,"Moustiquaire",611,2
"M",991,1296,"Moustiquaire",1080,7
"F",387,1341,"Moustiquaire",2,2
"M",295,1259,"Rien",1080,13
"M",286,1294,"Moustiquaire",0,1
"F",388,1354,"Moustiquaire",1008,14
"F",119,NA,"Moustiquaire",19,0
"F",316,1271,"Moustiquaire",1018,6
"M",724,1355,"Rien",811,5
"F",477,1326,"Moustiquaire",175,1
"M",218,1246,"Moustiquaire",1080,7
"M",506,1294,"Rien",1008,5
"M",413,1307,"Moustiquaire",852,4
"F",421,1212,"Moustiquaire",1080,4
"F",499,1297,"Rien",365,1
"F",269,1289,"Rien",21,2
"M",357,1286,"Moustiquaire",17,2
"F",241,1363,"Rien",1091,8
"M",191,1256,"Rien",253,3
"F",173,NA,"Moustiquaire",0,0
"F",168,1206,"Moustiquaire",527,9
"M",713,1258,"Moustiquaire",109,3
"M",466,1301,"Moustiquaire",1012,12
"M",618,1344,"Moustiquaire",1078,1
"F",372,1286,"Moustiquaire",1016,3
"F",747,NA,"Moustiquaire",14,0
"F",194,1269,"Moustiquaire",84,1
"M",713,1308,"Rien",1079,9
"F",172,1191,"Moustiquaire",728,4
"M",241,1317,"Rien",0,1
"F",232,NA,"Rien",0,0
"M",304,1285,"Moustiquaire",303,6
"F",428,NA,"Moustiquaire",1081,0
"F",571,1287,"Moustiquaire",952,10
"F",239,1322,"Moustiquaire",993,5
"M",875,1269,"Moustiquaire",72,1
"F",165,1355,"Rien",1082,3
"M",170,1320,"Moustiquaire",84,2
"F",328,NA,"Moustiquaire",1079,4
"F",587,1255,"Moustiquaire",748,6
"M",183,1245,"Moustiquaire",1080,3
"M",214,1278,"Moustiquaire",1016,11
"M",288,1352,"Moustiquaire",413,1
"F",933,1269,"Moustiquaire",1008,11
"F",90,1371,"Rien",1079,18
"M",611,1328,"Moustiquaire",679,5
"M",544,1393,"Moustiquaire",188,1
"F",261,1230,"Moustiquaire",84,2
"F",132,1383,"Rien",14,1
"M",281,1271,"Moustiquaire",84,2
"F",552,1353,"Moustiquaire",1073,8
"M",137,1312,"Moustiquaire",15,1
"F",673,1223,"Moustiquaire",362,4
"F",346,1230,"Moustiquaire",1082,6
"M",269,1315,"Moustiquaire",756,9
"M",121,NA,"Moustiquaire",0,0
"M",236,1318,"Moustiquaire",1008,2
"M",339,1295,"Rien",1072,4
"M",112,1309,"Moustiquaire",11,1
"M",123,NA,"Moustiquaire",1081,6
"F",725,1332,"Moustiquaire",401,4
"F",309,1299,"Moustiquaire",1081,6
"M",309,1243,"Moustiquaire",84,1
"M",212,1310,"Moustiquaire",0,1
"F",773,1286,"Moustiquaire",977,8
"M",238,1278,"Rien",1080,9
"M",502,1253,"Moustiquaire",336,4
"M",115,1232,"Rien",360,6
"F",300,1326,"Moustiquaire",1037,6
"M",212,1282,"Rien",1080,7
"M",625,1321,"Moustiquaire",672,3
"F",277,1331,"Moustiquaire",1057,20
"M",832,1270,"Rien",1008,3
"F",165,1351,"Moustiquaire",352,5
"M",228,1369,"Moustiquaire",0,1
"F",172,1273,"Rien",1085,7
"M",213,1271,"Moustiquaire",840,8
"M",639,1304,"Moustiquaire",0,1
"M",279,1273,"Moustiquaire",504,2
"F",481,1199,"Moustiquaire",14,1
"M",335,1235,"Moustiquaire",1013,1
"M",296,1290,"Moustiquaire",1083,4
"M",224,1247,"Moustiquaire",14,1
"F",483,NA,"Rien",2,0
"M",997,1314,"Moustiquaire",340,2
"M",101,1279,"Rien",0,1
"M",287,1298,"Moustiquaire",1008,10
"M",743,1317,"Moustiquaire",504,5
"M",119,1370,"Moustiquaire",1080,8
"F",589,1292,"Moustiquaire",1001,13
"M",219,1279,"Moustiquaire",0,1
"M",699,1319,"Moustiquaire",789,5
"M",80,1309,"Moustiquaire",504,2
"M",749,1316,"Rien",1011,10
"M",426,1293,"Rien",0,1
"F",630,1317,"Rien",1088,7
"F",860,1273,"Moustiquaire",1008,5
"M",340,1312,"Moustiquaire",1069,4
"F",255,1253,"Moustiquaire",1023,7
"M",199,NA,"Moustiquaire",1078,1
"F",408,1344,"Moustiquaire",14,1
"M",602,NA,"Moustiquaire",1078,0
"F",302,1273,"Moustiquaire",0,1
"F",576,1308,"Rien",303,3
"F",368,1323,"Moustiquaire",252,2
"F",79,1302,"Moustiquaire",1079,8
"F",732,1338,"Moustiquaire",14,1
"F",496,1376,"Moustiquaire",989,1
"F",479,1284,"Moustiquaire",0,1
"F",322,1364,"Rien",287,1
"M",776,1304,"Moustiquaire",336,1
"M",143,1304,"Rien",1080,15
"M",543,1244,"Moustiquaire",1012,3
"M",491,1358,"Rien",251,4
"F",242,1311,"Moustiquaire",1008,11
"M",157,1302,"Rien",274,2
"F",1114,1150,"Moustiquaire",1008,4
"F",187,1332,"Rien",1080,3
"M",258,1309,"Moustiquaire",1008,3
"M",449,1304,"Rien",0,1
"M",437,1291,"Moustiquaire",1121,6
"F",757,1330,"Moustiquaire",1079,9
"F",441,1242,"Moustiquaire",0,1
"M",521,NA,"Moustiquaire",14,0
"F",633,1174,"Moustiquaire",67,2
"F",396,1302,"Serpentin/Spray",1078,11
"M",722,1245,"Moustiquaire",1009,4
"M",308,1335,"Moustiquaire",1081,8
"M",378,1309,"Moustiquaire",960,7
"M",119,NA,"Moustiquaire",1077,1
"M",621,1362,"Moustiquaire",14,1
"F",351,1356,"Rien",1081,5
"F",303,1236,"Moustiquaire",1010,14
"M",227,1321,"Moustiquaire",1,1
"M",187,1364,"Moustiquaire",588,5
"M",175,1306,"Rien",0,1
"F",102,1353,"Moustiquaire",925,7
"M",575,1352,"Rien",1079,1
"M",275,1345,"Moustiquaire",923,5
"F",196,1306,"Rien",1077,12
"F",139,1337,"Moustiquaire",21,1
"F",658,1382,"Rien",1080,4
"M",401,1255,"Rien",87,1
"M",664,1289,"Rien",297,3
"M",389,1259,"Moustiquaire",83,2
"M",153,1294,"Moustiquaire",0,0
"F",528,1289,"Moustiquaire",931,9
"F",293,1290,"Moustiquaire",1079,7
"M",219,1287,"Moustiquaire",843,10
"M",119,1245,"Rien",164,4
"F",317,1267,"Moustiquaire",168,1
"F",786,NA,"Moustiquaire",1078,1
"M",352,1326,"Rien",167,1
"F",270,1308,"Rien",1079,2
"F",151,1208,"Moustiquaire",85,2
"F",696,1379,"Rien",1080,5
"F",486,1422,"Rien",585,3
"M",386,1350,"Rien",1080,7
"M",740,1421,"Moustiquaire",0,1
"M",339,1212,"Moustiquaire",1079,9
"M",962,1282,"Moustiquaire",168,2
"F",324,1357,"Moustiquaire",1080,5
"F",525,1278,"Moustiquaire",230,5
"F",577,NA,"Rien",14,0
"M",128,1258,"Moustiquaire",0,1
"M",689,1340,"Rien",1095,6
"M",1012,1319,"Moustiquaire",168,2
"M",190,NA,"Autre",107,0
"M",188,1380,"Moustiquaire",0,1
"F",215,1281,"Rien",1080,3
"M",991,1238,"Moustiquaire",497,4
"F",283,1366,"Moustiquaire",180,1
"F",776,1288,"Moustiquaire",168,3
"F",522,1273,"Moustiquaire",14,1
"F",302,1305,"Moustiquaire",420,4
"F",934,1434,"Moustiquaire",1082,2
"F",898,1268,"Moustiquaire",805,3
"F",332,1302,"Moustiquaire",1092,1
"M",298,1255,"Moustiquaire",756,3
"F",510,1293,"Moustiquaire",1093,4
"F",121,1202,"Moustiquaire",489,7
"M",886,1287,"Moustiquaire",1088,2
"F",1154,1357,"Moustiquaire",168,1
"M",459,1349,"Moustiquaire",368,1
"F",219,1250,"Moustiquaire",1079,13
"M",282,1277,"Moustiquaire",756,4
"M",242,1341,"Rien",1079,8
"M",238,1318,"Moustiquaire",14,1
"M",190,1130,"Moustiquaire",1079,7
"M",924,1190,"Moustiquaire",763,4
"F",87,1291,"Moustiquaire",165,1
"M",90,1302,"Moustiquaire",0,1
"M",669,1293,"Moustiquaire",507,4
"M",149,1278,"Moustiquaire",1083,8
"F",328,1259,"Moustiquaire",812,12
"M",314,1254,"Rien",17,1
"M",236,1316,"Moustiquaire",0,1
"M",353,1293,"Autre",1080,7
"M",227,1230,"Moustiquaire",808,2
"M",477,1325,"Autre",1073,6
"F",183,1203,"Moustiquaire",505,4
"M",405,1295,"Autre",451,4
"F",589,1253,"Moustiquaire",643,6
"M",509,1332,"Autre",255,1
"M",743,1227,"Moustiquaire",43,1
"M",197,1281,"Rien",1079,6
"F",874,1321,"Moustiquaire",672,6
"M",848,1225,"Moustiquaire",13,1
"F",186,1230,"Moustiquaire",357,2
"F",868,1208,"Moustiquaire",1083,2
"F",424,1314,"Moustiquaire",512,1
"F",186,1251,"Moustiquaire",1005,6
"F",926,1271,"Moustiquaire",168,1
"F",101,1228,"Moustiquaire",1085,2
"M",985,1305,"Moustiquaire",70,0
"M",562,NA,"Rien",4,0
"M",867,1265,"Moustiquaire",97,2
"F",527,1354,"Moustiquaire",1079,3
"M",411,1279,"Moustiquaire",580,2
"F",415,1361,"Serpentin/Spray",1083,2
"M",977,1303,"Moustiquaire",64,0
"M",181,1372,"Moustiquaire",1078,1
"F",1021,1316,"Moustiquaire",166,0
"F",119,1319,"Rien",1078,6
"F",330,1315,"Moustiquaire",0,0
"M",350,1290,"Moustiquaire",1077,13
"F",595,1273,"Moustiquaire",677,9
"F",84,1290,"Rien",1043,9
"M",944,1274,"Moustiquaire",189,1
"F",326,1404,"Moustiquaire",1080,2
"F",583,1300,"Moustiquaire",352,3
"F",169,1404,"Rien",0,1
"M",186,1216,"Moustiquaire",510,4
"M",142,NA,"Serpentin/Spray",216,0
"M",924,1316,"Moustiquaire",0,0
"F",452,1321,"Moustiquaire",146,1
"F",291,1318,"Moustiquaire",591,3
"M",347,1319,"Moustiquaire",1077,10
"M",580,1226,"Moustiquaire",504,8
"M",600,1334,"Rien",1072,9
"M",471,1261,"Moustiquaire",504,1
"M",285,1398,"Rien",1079,6
"F",476,1285,"Moustiquaire",588,5
"M",204,1198,"Moustiquaire",1078,8
"F",287,1332,"Moustiquaire",0,1
"M",598,1234,"Moustiquaire",0,1
"F",888,1333,"Moustiquaire",504,2
"M",202,NA,"Rien",1,0
"M",132,1329,"Moustiquaire",482,3
"M",296,1214,"Moustiquaire",28,2
"F",813,1260,"Moustiquaire",14,1
"F",180,NA,"Moustiquaire",1039,1
"M",983,1158,"Moustiquaire",84,2
"M",162,1256,"Rien",450,6
"F",229,1346,"Moustiquaire",504,3
"F",673,1314,"Moustiquaire",14,1
"M",414,1316,"Moustiquaire",504,4
"M",589,1303,"Moustiquaire",720,6
"F",234,1249,"Moustiquaire",14,1
"M",386,1232,"Moustiquaire",104,3
"M",342,1327,"Moustiquaire",266,2
"F",456,NA,"Moustiquaire",14,0
"M",271,1254,"Moustiquaire",524,3
"M",173,1328,"Rien",1038,18
"F",755,1265,"Moustiquaire",447,3
"F",164,1307,"Moustiquaire",1012,2
"F",375,1282,"Moustiquaire",504,3
"F",332,1338,"Moustiquaire",498,6
"F",791,1232,"Moustiquaire",504,2
"F",616,1337,"Moustiquaire",504,0
"M",349,1347,"Moustiquaire",529,7
"M",1091,1295,"Moustiquaire",503,2
"M",920,1290,"Moustiquaire",0,1
"M",799,NA,"Moustiquaire",423,3
"F",542,1375,"Moustiquaire",420,2
"M",493,1247,"Moustiquaire",432,4
"M",702,1302,"Moustiquaire",58,2
"F",271,1283,"Moustiquaire",410,4
"M",452,1363,"Rien",0,1
"F",171,1312,"Moustiquaire",430,2
"F",835,1270,"Moustiquaire",84,1
"M",248,1229,"Moustiquaire",427,5
"F",134,1257,"Moustiquaire",0,1
"F",792,1286,"Moustiquaire",420,4
"M",542,1371,"Moustiquaire",84,1
"M",654,1298,"Moustiquaire",87,3
"F",603,1311,"Moustiquaire",420,2
"F",638,1309,"Moustiquaire",84,1
"F",274,1219.3,"Moustiquaire",37,2
"M",426,1318,"Moustiquaire",15,1
"M",424,1325,"Moustiquaire",383,4
"F",764,NA,"Moustiquaire",84,1
"M",213,1274,"Moustiquaire",445,1
"F",503,1289,"Moustiquaire",420,7
"F",581,1240,"Moustiquaire",14,1
"M",526,1269,"Moustiquaire",435,2
"M",355,1278,"Moustiquaire",169,1
"M",316,1351,"Moustiquaire",42,2
"F",210,1252,"Moustiquaire",421,4
"M",326,1304,"Moustiquaire",420,3
"M",326,1312,"Moustiquaire",420,1
"F",1010,1253,"Moustiquaire",14,1
"M",281,1230,"Moustiquaire",24,2
"M",181,1271,"Moustiquaire",420,1
"M",946,1328,"Moustiquaire",56,2
"F",1018,1300,"Moustiquaire",421,3
"F",356,1232,"Moustiquaire",426,4
"F",261,1253,"Rien",423,2
"F",476,1294,"Rien",0,1
"F",542,1239,"Moustiquaire",335,6
"M",621,1338,"Moustiquaire",386,7
"M",475,1290,"Rien",168,3
"F",116,1437,"Rien",252,2
"M",178,1299,"Moustiquaire",336,6
"M",562,1267,"Moustiquaire",267,2
"F",755,1330,"Rien",236,0
"M",158,1254,"Moustiquaire",252,5
"F",235,1341,"Moustiquaire",63,2
"M",423,1344,"Moustiquaire",48,1
"M",375,1203,"Moustiquaire",85,1
"F",169,1177,"Moustiquaire",265,5
"F",262,1358,"Moustiquaire",252,3
"F",718,1298,"Serpentin/Spray",12,1
"M",585,1276,"Moustiquaire",252,2
"F",290,1359,"Moustiquaire",252,5
